품목코드(ITM_CD),품목명(ITM_NM),품목약어명(ITM_AVVR_NM),최저톤수율(LWST_TON_RT)
1010000,광산품,광산품,0
1010100,석탄류,석탄류,0
1010101,유연탄,유연탄,100
1010101,유연탄,유연탄,90
1010102,국내무연탄,국내무연탄,100
1010103,수입무연탄(~08무연괴탄),수입무연탄,100
1010103,수입무연탄(~08무연괴탄),수입무연탄,90
1010104,경석,경석,100
1010151,코크스,코크스,70
1010199,석탄류기타,석탄류기타,100
1010200,석류,석류,0
1010201,원석,원석,100
1010202,자갈,자갈,100
1010203,모래,모래,100
1010204,골재,골재,100
1010253,석분,석분,100
1010254,쇄석,쇄석,100
1010299,석류기타,석류기타,100
1010300,금속광석류,금속광석류,0
1010301,철광석,철광석,100
1010302,동광석,동광석,100
1010303,연광석,연광석,100
1010304,아연광,아연광,100
1010399,금속광석류기타,금속광석기타,100
1010400,비금속광석류,비금속광석류,0
1010401,사문석,사문석,100
1010402,흑연,흑연,100
1010451,활석분,활석분,100
1010452,납석,납석,100
1010453,규사,규사,100
1010454,규석,규석,100
1010499,비금속광석류기타,비금광석기타,100
1010500,석회석류,석회석류,0
1010501,석회석 중괴,석회석 중괴,100
1010502,석회석 소괴,석회석 소괴,100
1010503,석회석분,석회석분,100
1010504,백운석 중괴,백운석 중괴,100
1010505,백운석 소괴,백운석 소괴,100
1010599,석회석류기타,석회석류기타,100
1010600,점토류,점토류,0
1010601,점토류,점토류,100
1010602,고령토,고령토,100
1010604,흙,흙,100
1010699,점토류기타,점토류기타,100
1010700,광재류,광재류,0
1010701,광재,광재,100
1010702,광재분,광재분,100
1010799,광재류기타,광재류기타,100
1020000,임산품,임산품,0
1020100,목재류,목재류,0
1020101,목재류,목재류,100
1020101,목재류,목재류,100
1020102,갱목,갱목,100
1020104,대나무,대나무,80
1020199,목재류기타,목재류기타,100
1020199,목재류기타,목재류기타,60
1020200,가공목재류,가공목재류,0
1020201,가공목재류(~08경목),가공목재류,60
1020201,가공목재류(~08경목),가공목재류,80
1020202,각목,각목,100
1020202,각목,각목,60
1020203,가공목재,가공목재,100
1020203,가공목재,가공목재,60
1020204,합판,합판,100
1020204,합판,합판,60
1020251,나무상자,나무상자,60
1020252,나무깔판,나무깔판,60
1020299,가공목재류기타,가공목재류,80
1020299,가공목재류기타,가공목재류,60
1020300,식목류,식목류,0
1020301,식목류,식목류,60
1020301,식목류,식목류,80
1020302,관상수,관상수,60
1020303,식목류기타,식목류기타,60
1020399,묘목기타,묘목기타,60
1020400,초류,초류,0
1020401,잔디,잔디,100
1020402,짚,짚,60
1020451,건초,건초,70
1020499,초류기타,초류기타,60
1020499,초류기타,초류기타,80
1030000,농산품,농산품,0
1030100,곡물류,곡물류,0
1030101,쌀,쌀,100
1030102,벼,벼,100
1030103,보리쌀,보리쌀,100
1030104,밀,밀,100
1030105,압맥,압맥,70
1030106,혼합곡,혼합곡,100
1030107,밀쌀,밀쌀,100
1030151,밀가루,밀가루,100
1030151,밀가루,밀가루,90
1030154,옥수수가루,옥수수가루,100
1030199,곡물류기타,곡물류 기타,100
1030200,잡곡류,잡곡류,0
1030201,잡곡류(~08옥수수),잡곡류,100
1030202,콩,콩,100
1030203,팥,팥,100
1030204,조,조,100
1030205,들깨,들깨,90
1030206,참깨,참깨,90
1030207,피마자,피마자,90
1030299,잡곡류기타,잡곡류기타,90
1030300,채소류,채소류,0
1030301,채소류(~08건마늘),채소류,70
1030301,채소류(~08건마늘),채소류,90
1030302,건고추,건고추,60
1030303,감자,감자,90
1030304,고구마,고구마,90
9640101,황산,황산,100
1030351,고추가루,고추가루,80
1030399,채소류기타,채소류기타,70
1030400,과일류,과일류,0
1030401,과일류(~08건과물),과일류,100
1030499,과일류기타,과일류기타,100
1030500,사료류,사료류,0
1030501,사료류(~혼합사료),사료류,90
1030599,사료류기타,사료류기타,90
1040000,축산품,축산품,0
1040100,동물류,동물류,0
1040199,동물류(~08동물류기타),동물류,60
1040199,동물류(~08동물류기타),동물류,80
1040200,육류,육류,0
1040299,육류(~08육류기타),육류,60
1040299,육류(~08육류기타),육류,80
1040300,우유류,우유류,0
1040399,우유류(~08우유류기타),우유류,100
1050000,수산품,수산품,0
1050100,어개류,어개류,0
1050101,어개류(~08물고기류),어개류,70
1050101,어개류(~08물고기류),어개류,80
1050102,조개류,조개류,80
1050200,해초류,해초류,0
1050299,해초류(~08해초류기타),해초류,70
1050299,해초류(~08해초류기타),해초류,80
1050300,소금류,소금류,0
1050301,식염,식염,100
1050302,공업염,공업염,100
1050400,물류,물류,0
1050401,물류(~08물),물류,100
1060000,중공업품,중공업품,0
1060100,철강품류,철강품류,0
1060101,강판,강판,60
1060101,강판,강판,80
1060102,열연,열연,70
1060102,열연,열연,80
1060103,냉연,냉연,70
1060103,냉연,냉연,80
1060104,선철,선철,100
1060105,저중량냉연(~08인코트),저중량냉연,100
1060105,저중량냉연(~08인코트),저중량냉연,60
1060106,선재(Wire Rod),선재,80
1060107,스라브(Slab),스라브,90
1060108,비레트(Billet),비레트,90
1060122,철근,철근,60
1060122,철근,철근,80
1060123,앵글,앵글,60
1060124,철관,철관,60
1060124,철관,철관,80
1060125,철사,철사,100
1060126,와이야로프,와이야로프,100
1060126,와이야로프,와이야로프,60
1060127,철망,철망,100
1060127,철망,철망,60
1060151,못,못,100
1060151,못,못,60
1060152,알미늄제품,알미늄제품,60
1060153,스텐레스제품,스텐레스제품,100
1060191,고철,고철,100
1060191,고철,고철,60
1060192,폐관-금속관,폐관-금속관,60
1060199,철강품기타,철강품기타,100
1060199,철강품기타,철강품기타,80
1060200,기기류,기기류,0
1060201,기기류(~08원동기-엔진),기기류,60
1060201,기기류(~08원동기-엔진),기기류,80
1060202,보일러,보일러,100
1060202,보일러,보일러,60
1060203,사출기,사출기,100
1060204,기계,기계,100
1060205,계량기,계량기,70
1060299,기기류기타,기기류기타,100
1060299,기기류기타,기기류기타,60
1060300,중장비류,중장비류,80
1060301,중장비류(~08불도저),중장비류,60
1060301,중장비류(~08불도저),중장비류,80
1060302,포크레인,포크레인,60
1060303,페루다,페루다,60
1060304,지게차,지게차,60
1060305,크레인류,크레인류,60
1060399,중장비류기타,중장비류기타,80
1060400,차량류,차량류,0
1060401,승용차,승용차,60
1060401,승용차,승용차,80
1060402,승합차,승합차,60
1060403,화물자동차,화물자동차,60
1060406,차량부분품,차량부분품,60
1060407,축전지 약액무,축전지,100
1060407,축전지 약액무,축전지,60
1060408,고무타이어,고무타이어,60
1060499,차량류기타,차량류기타,60
1060499,차량류기타,차량류기타,80
1060500,전력장비류,전력장비류,0
1060501,철탑전주,철탑전주,100
1060502,콘크리트전주,콘크리트전주,100
1060503,전선,전선,100
1060505,변압기,변압기,100
1060505,변압기,변압기,80
1060599,전력장비류기타,전력장비기타,60
1060599,전력장비류기타,전력장비기타,80
1060600,통신장비류,통신장비류,0
1060601,통신장비류(~08케이불선),통신장비류,60
1060601,통신장비류(~08케이불선),통신장비류,80
1060602,무선통신장비,무선통신장비,100
1060602,무선통신장비,무선통신장비,60
1060603,유선통신장비,유선통신장비,100
1060604,전화기,전화기,70
1060604,전화기,전화기,60
1060699,통신장비류기타,통신장비기타,100
1060699,통신장비류기타,통신장비기타,60
1060700,전자제품류,전자제품류,0
1060701,전자제품류(~08냉장고),전자제품류,80
1060701,전자제품류(~08냉장고),전자제품류,70
1060702,텔레비젼,텔레비젼,60
1060703,오디오,오디오,60
1060704,전자계산기,전자계산기,60
1060799,전자제품류기타,전자제품기타,80
1060799,전자제품류기타,전자제품기타,60
1060800,항공기류,항공기류,0
1060801,항공기류(~08항공기),항공기류,70
1060801,항공기류(~08항공기),항공기류,80
1060802,항공기부분품,항공기부분품,70
1060802,항공기부분품,항공기부분품,60
1060900,선박류,선박류,0
1060901,선박류(~08선박),선박류,60
1060901,선박류(~08선박),선박류,80
1060902,선박 부분품,선박부분품,60
1063100,개인화기류,개인화기류,0
1063101,개인화기류(~08총),개인화기류,60
1063101,개인화기류(~08총),개인화기류,80
1063102,탄환(화약무),탄환,100
1063102,탄환(화약무),탄환,60
1063103,방독면,방독면,90
1063104,도검,도검,90
1063105,철모,철모,90
1063199,개인화기류기타,개인화기기타,90
1063199,개인화기류기타,개인화기기타,60
1063200,중화기류,중화기류,0
1063299,중화기류(~08중화기류기타),중화기류,60
1063299,중화기류(~08중화기류기타),중화기류,80
1063300,대형화기류,대형화기류,0
1063302,전차.탱크류,전차.탱크류,60
1063302,전차.탱크류,전차.탱크류,80
1063303,대포류,대포류,60
1063399,대형화기류기타,대형화기기타,60
1063399,대형화기류기타,대형화기기타,80
1065100,철도차량류,철도차량류,0
1065101,갑종철도차량,갑종철도차량,100
1065201,을종철도차량,을종철도차량,60
1065201,을종철도차량,을종철도차량,80
1065301,"차대,차체","차대,차체",60
1065302,철도차량부품,철도차량부품,60
1065303,차륜,차륜,60
1065304,차축,차축,60
1065305,브레이크슈,브레이크슈,60
1065399,철도차량류기타,철도차량기타,60
1065399,철도차량류기타,철도차량기타,80
1065400,철도선로용품류,철도선로용품,0
1065401,레일,레일,60
1065401,레일,레일,80
1065402,PC침목,PC침목,60
1065402,PC침목,PC침목,80
1065403,목침목,목침목,60
1065403,목침목,목침목,80
1065404,전차대 및 부속,전차대및부속,60
1065405,전철기 재료,전철기재료,60
1065406,신호보안재료,신호보안재료,60
1065407,레일부속품,레일부속품,60
1065499,철도선로품기타,철도선로기타,60
1065499,철도선로품기타,철도선로기타,80
1070000,경공업품,경공업품,0
1070100,종이류,종이류,0
1070101,신문용롤지(08신문용권취지),신문용롤지,50
1070101,신문용롤지(08신문용권취지),신문용롤지,70
1070102,인쇄지,인쇄지,60
1070102,인쇄지,인쇄지,70
1070103,신문용평판지,신문용평판지,60
1070103,신문용평판지,신문용평판지,70
1070104,화장지,화장지,60
1070106,파지,파지,60
1070106,파지,파지,70
1070107,모조지,모조지,60
1070151,헌신문잡지,헌신문잡지,60
1070199,종이류기타,종이류기타,60
1070199,종이류기타,종이류기타,70
1070200,인쇄물류,인쇄물류,0
1070299,인쇄물류기타,인쇄물류기타,100
1070299,인쇄물류기타,인쇄물류기타,60
1070300,문구류,문구류,0
1070399,문구류(~08문구류기타),문구류,100
1070400,완구류,완구류,0
1070499,완구류(~08완구류기타),완구류,100
1070500,포장용기류,포장용기류,0
1070501,공드럼 드럼관,공드럼드럼관,60
1070502,가마니,가마니,60
1070503,마대,마대,60
1070504,지대,지대,60
1070504,지대,지대,80
1070505,상자,상자,60
1070599,포장용기류기타,포장용기기타,60
1070599,포장용기류기타,포장용기기타,80
1070600,가구류,가구류,0
1070601,가구류(~08장농류),가구류,60
1070601,가구류(~08장농류),가구류,80
1070602,책상류,책상류,60
1070603,침대,침대,70
1070606,가전제품,가전제품,60
1070699,가구류기타,가구류기타,60
1070700,잡화류,잡화류,0
1070701,잡화류(~08가방류),잡화류,60
1070701,잡화류(~08가방류),잡화류,80
1070702,신발류,신발류,60
1070799,잡화류기타,잡화류기타,60
1080000,화학공업,화학공업,0
1080100,유류_일반,유류_일반,0
1080104,등유_일반,등유_일반,70
1080104,등유_일반,등유_일반,80
1080105,경유_일반,경유_일반,70
1080105,경유_일반,경유_일반,80
1080106,중유_일반,중유_일반,90
1080107,방카C유_일반,방카C유_일반,95
1080108,폐유_일반,폐유_일반,100
1080109,A1제트유_일반,A1제트유_일반,80
1080110,윤활유_일반,윤활유_일반,60
1080110,윤활유_일반,윤활유_일반,80
1080111,JP-8제트유_일반,JP8제트유_일반,80
1080199,유류기타_일반,유류기타_일반,60
1080199,유류기타_일반,유류기타_일반,80
1080200,타루류,타루류,0
1080201,방부제,방부제,100
1080202,아스팔트,아스팔트,100
1080202,아스팔트,아스팔트,90
1080203,피치코크스,피치코크스,80
1080204,부동액,부동액,60
1080204,부동액,부동액,80
1080299,타루류기타,타루류기타,100
1080299,타루류기타,타루류기타,80
1080300,비료류,비료류,0
1080301,비료류(~08질소질비료),비료류,90
1080301,비료류(~08질소질비료),비료류,90
1080302,인산비료,인산비료,100
1080302,인산비료,인산비료,90
1080303,가리비료,가리비료,100
1080303,가리비료,가리비료,90
1080304,복합비료,복합비료,100
1080304,복합비료,복합비료,90
1080305,규산질비료,규산질비료,100
1080305,규산질비료,규산질비료,90
1080306,석회석분말비료,석회석비료,100
1080306,석회석분말비료,석회석비료,90
1080307,유기질비료,유기질비료,100
1080307,유기질비료,유기질비료,90
1080308,요소비료,요소비료,100
1080308,요소비료,요소비료,90
1080309,유안비료,유안비료,100
1080309,유안비료,유안비료,90
1080310,용성인비,용성인비,100
1080310,용성인비,용성인비,90
1080311,용과린비료,용과린비료,100
1080311,용과린비료,용과린비료,90
1080312,중과석비료,중과석비료,100
1080312,중과석비료,중과석비료,90
1080313,염화가리비료,염화가리비료,100
1080313,염화가리비료,염화가리비료,90
1080314,산림용복비,산림용복비,100
1080314,산림용복비,산림용복비,90
1080315,소석회비료,소석회비료,100
1080315,소석회비료,소석회비료,90
1080316,규석회비료,규석회비료,100
1080316,규석회비료,규석회비료,90
1080317,무기질비료,무기질비료,100
1080317,무기질비료,무기질비료,90
1080399,비료류기타,비료류기타,100
1080399,비료류기타,비료류기타,90
1080400,도료.염료류,도료.염료류,0
1080401,도료.염료류(~08페인트),도료.염료류,100
1080402,니스,니스,100
1080403,퍼디,퍼디,100
1080404,구두약,구두약,100
1080404,구두약,구두약,60
1080405,염료류,염료류,80
1080499,도료염료류기타,도료염료기타,100
1080499,도료염료류기타,도료염료기타,60
1080500,약품류,약품류,0
1080599,약품류(~08약품류기타),약품류,100
1080600,합성수지류,합성수지류,0
1080601,합성수지류(~08비닐),합성수지류,80
1080602,포리에칠렌,포리에칠렌,80
1080651,프라스틱제품,프라스틱제품,90
1080652,스폰지제품,스폰지제품,60
1080653,빈 파렛트(Pallet),빈파렛트,60
1080653,빈 파렛트(Pallet),빈파렛트,30
1080699,합성수지류기타,합성수지기타,80
1080700,고무류,고무류,0
1080701,고무류(~08고무),고무류,60
1080701,고무류(~08고무),고무류,80
1080702,헌고무,헌고무,60
1080799,고무류기타,고무류기타,60
1080800,유지류,유지류,0
1080801,유지류(~08세탁비누),유지류,60
1080801,유지류(~08세탁비누),유지류,80
1080802,세면비누,세면비누,100
1080802,세면비누,세면비누,60
1080803,가루비누,가루비누,100
1080803,가루비누,가루비누,60
1080804,물비누.샴푸포함,물비누샴푸포,100
1080804,물비누.샴푸포함,물비누샴푸포,60
1080899,비누류기타,비누류기타,100
1080899,비누류기타,비누류기타,60
1080900,양회류,양회류,0
1080901,포대양회,포대양회,60
1080901,포대양회,포대양회,80
1080902,벌크양회,벌크양회,100
1080903,크링카,크링카,100
1080904,백시멘트,백시멘트,60
1080905,성구(成球),성구,100
1081000,요업품류,요업품류,0
1081001,벽돌,벽돌,100
1081002,시멘트관,시멘트관,80
1081004,스레트,스레트,100
1081005,석고프라스타,석고프라스타,100
1081006,유리,유리,100
1081006,유리,유리,70
1081007,석고,석고,100
1081007,석고,석고,90
1081008,소석회,소석회,100
1081009,생석회,생석회,100
1081099,요업품류기타,요업품류기타,100
1090000,식품공업,식품공업,0
1090100,조미료,조미료,0
1090101,원당,원당,100
1090102,설탕,설탕,100
1090103,엿,설탕,100
1090199,조미료기타,조미료기타,100
1090200,다류,다류,0
1090201,다류(~08커피류),다류,70
1090201,다류(~08커피류),다류,80
1090299,다류기타,다류기타,70
1090300,주류,주류,0
1090301,주류(~08맥주),주류,100
1090302,소주,소주,100
1090399,주류기타,주류기타,100
1090400,가공식품류,가공식품류,0
1090401,가공식품류(~08라면류),가공식품류,60
1090401,가공식품류(~08라면류),가공식품류,100
1090402,통조림,통조림,100
1090403,건빵,건빵,80
1090499,가공식품류기타,가공식품기타,100
1090500,연초류,연초류,0
1090502,연초류(~08담배),연초류,60
1090502,연초류(~08담배),연초류,80
1090599,연초류기타,연초류기타,60
1090600,식용유류,식용유류,0
1090601,식용유류(~08동물성기름),식용유류,100
1090602,식물성기름,식물성기름,100
1090699,식용유류기타,식용유류기타,100
1090700,과자류,과자류,0
1090701,과자류(~08사탕),과자류,100
1090701,과자류(~08사탕),과자류,80
1090799,과자류기타,과자류기타,80
1090799,과자류기타,과자류기타,60
1100000,섬유공업,섬유공업,0
1100100,천연섬유류,천연섬유류,0
1100101,천연섬유류(~08목화솜),천연섬유류,70
1100101,천연섬유류(~08목화솜),천연섬유류,80
1100102,탈지면,탈지면,60
1100103,표백면,표백면,60
1100199,천연섬유류기타,천연섬유기타,80
1100200,화학섬유류,화학섬유류,0
1100201,화학섬유류(~08화학솜),화학섬유류,60
1100201,화학섬유류(~08화학솜),화학섬유류,80
1100202,화학섬유사,화학섬유사,70
1100251,화학섬유직물,화학섬유직물,80
1100299,화학섬유류기타,화학섬유기타,80
1100299,화학섬유류기타,화학섬유기타,70
1100300,의류,의류,0
1100301,의류(~08혼방의복),의류,60
1100301,의류(~08혼방의복),의류,80
1100302,혁제의복,혁제의복,70
1100303,모피제 의복,모피제의복,70
1100304,양말류,양말류,70
1100304,양말류,양말류,60
1100305,모자류,모자류,60
1100351,의복 부속품,의복부속품,70
1100399,의류기타,의류기타,70
1100399,의류기타,의류기타,60
1100400,침구류,침구류,0
1100401,침구류(~08이불류),침구류,60
1100401,침구류(~08이불류),침구류,80
1100402,모포,모포,70
1100402,모포,모포,60
1100403,침대매트리스,침대매트리스,70
1100403,침대매트리스,침대매트리스,60
1100499,침구류기타,침구류기타,60
1210000,귀중품,귀중품,0
1210100,화폐류,화페류,0
1210199,화폐류(~08화폐류기타),화폐류,100
1210199,화폐류(~08화폐류기타),화폐류,100
1210200,귀금속류,귀금속류,0
1210201,중석,중석,100
1210201,중석,중석,100
1210299,귀금속류기타,귀금속류기타,100
1210299,귀금속류기타,귀금속류기타,100
1210300,골동품류,골동품류,0
1210399,골동품류(~08골동품류기타),골동품류,70
1210399,골동품류(~08골동품류기타),골동품류,100
1310000,혼입품,혼입품,0
1310100,소구혼재류,소구혼재류,0
1310101,소단위집화,소단위집화,70
1310101,소단위집화,소단위집화,80
1310200,이사짐류,이사짐류,0
1310201,이사짐,이사짐,60
1410000,컨테이너,컨테이너,0
1410100,컨테이너류,컨테이너류,0
1410101,컨테이너45'영,컨45영,60
1410101,컨테이너45'영,컨45영,0
1410102,컨테이너45'공,컨45공,30
1410102,컨테이너45'공,컨45공,0
1410104,컨45냉동,컨45냉동,60
1410104,컨45냉동,컨45냉동,0
1410105,컨45택배,컨45택배,60
1410105,컨45택배,컨45택배,0
1410111,컨테이너40'영,컨40영,60
1410111,컨테이너40'영,컨40영,0
1410112,컨테이너40'공,컨40공,30
1410112,컨테이너40'공,컨40공,0
1410114,컨40냉동,컨40냉동,60
1410114,컨40냉동,컨40냉동,0
1410115,컨40택배,컨40택배,60
1410115,컨40택배,컨40택배,0
1410117,철강컨테이너40'영,40철영,0
1410118,철강컨테이너40'공,40철공,0
1410121,컨테이너20'영,컨20영,0
1410122,컨테이너20'공,컨20공,30
1410122,컨테이너20'공,컨20공,0
1410123,컨테이너20'TPA,컨20TPA,60
1410123,컨테이너20'TPA,컨20TPA,0
1410124,컨20냉동,컨20냉동,60
1410124,컨20냉동,컨20냉동,0
1410125,컨20택배,컨20택배,60
1410125,컨20택배,컨20택배,0
1410126,컨20석탄류,컨20석탄류,0
1410126,컨20석탄류,컨20석탄류,0
1410127,컨20철강품,컨20철강품,0
1410131,멀티영3,멀티영3,0
1410132,멀티영2공1,멀티영2공1,0
1410133,멀티영1공2,멀티영1공2,0
1410134,멀티공3,멀티공3,0
1410141,멀티영2,멀티영2,0
1410142,멀티공2,멀티공2,0
1410151,멀티영1,멀티영1,0
1410152,멀티공1,멀티공1,0
1410161,멀티컨공,멀티컨공,0
1410199,컨테이너기타,컨테이너기타,60
1410199,컨테이너기타,컨테이너기타,80
1410201,컨20기타중량품,컨20중량품,0
1430100,파워팩,파워팩,60
1430100,파워팩,파워팩,80
1510000,오예품,오예품,0
1510100,오예품류,오예품류,0
1510199,오예품류(~08오예품류기타),오예품류,100
2010101,소화물,소화물,0
9080000,위험품-화학공업,위험품-화공,0
9080101,나프타,나프타,70
9080101,나프타,나프타,80
9080102,"솔벤트(1,11,21,23)",솔벤트,70
9080102,"솔벤트(1,11,21,23)",솔벤트,80
9080103,"휘발유(1,11,21,23)",휘발유,70
9080103,"휘발유(1,11,21,23)",휘발유,80
9080104,"항공유(1,11,21,23)",항공유,70
9080104,"항공유(1,11,21,23)",항공유,80
9610000,화약류-위험품,화약류-위험,0
9610100,화약류,화약류,0
9610101,흑색화약,흑색화약,70
9610101,흑색화약,흑색화약,80
9610102,무연화학,무연화학,60
9610102,무연화학,무연화학,80
9610199,화약류기타,화약류기타,70
9610199,화약류기타,화약류기타,80
9610200,폭약류,폭약류,0
9610201,뇌홍,뇌홍,70
9610201,뇌홍,뇌홍,80
9610202,아지화연,아지화연,70
9610202,아지화연,아지화연,80
9610203,초안폭약,초안폭약,60
9610203,초안폭약,초안폭약,80
9610205,다이나마이트,다이나마이트,70
9610205,다이나마이트,다이나마이트,80
9610299,폭약류기타,폭약류기타,60
9610299,폭약류기타,폭약류기타,80
9610300,화공품류,화공품류,0
9610301,실포,실포,80
9610301,실포,실포,80
9610302,실탄,실탄,80
9610302,실탄,실탄,80
9610303,공포,공포,80
9610303,공포,공포,80
9610305,탄약,탄약,80
9610305,탄약,탄약,80
9610391,컨45군탄약영,컨45군탄영,0
9610391,컨45군탄약영,컨45군탄영,0
9610392,컨40군탄약영,컨40군탄역,0
9610392,컨40군탄약영,컨40군탄역,0
9610393,컨20군탄약영,컨20군탄영,0
9610393,컨20군탄약영,컨20군탄영,0
9610399,화공품류기타,화공품류기타,80
9610399,화공품류기타,화공품류기타,80
9640000,산류,산류,0
9640100,산류,산류,0
9640101,황산,황산,100
9640102,염산,염산,100
9640103,발연초산,발연초산,100
9640104,축전지약액유(16),축전지약액유,100
9640199,산류기타,산류기타,100
9650000,가스류,가스류,0
9650100,압축가스류,압축가스류,0
9650101,압축산소(22),압축산소,100
9650102,압축수소(22),압축수소,100
9650103,아세치린가스(22),아세치린가스,100
9650199,압축가스류기타(22),압축가스기타,100
9650200,액화가스류,액화가스류,0
9650201,액체공기(19),액체공기,100
9650202,액체질소(19),액체질소,100
9650203,액체산소(19),액체산소,100
9650204,부탄가스(22),부탄가스,60
9650204,부탄가스(22),부탄가스,80
9650205,프로필렌(22.23),프로필렌,100
9650205,프로필렌(22.23),프로필렌,100
9650206,액화암모니아(23),액화암모니아,60
9650206,액화암모니아(23),액화암모니아,80
9650207,LPG(23),LPG,60
9650207,LPG(23),LPG,80
9650299,"액화가스류기타(22,23)",액화가스기타,100
9660000,가연성물질,가연성물질,0
9660100,가연성액체류,가연성액체류,0
9660101,"알콜(1,11,21)",알콜,100
9660101,"알콜(1,11,21)",알콜,100
9660102,"도료희석제(1,11,21)",도료희석제,100
9660102,"도료희석제(1,11,21)",도료희석제,100
9660199,가연성액체류기타,가연성액기타,100
9660199,가연성액체류기타,가연성액기타,100
9660200,가연성고체류,가연성고체류,0
9660201,금속칼륨(8),금속칼륨,100
9660202,"마그네슘(1,11)",마그네슘,100
9660203,카바이트(14),카바이트,100
9660204,"인화칼슘(4,26)",인화칼슘,100
9660205,"황(7,13)",황,100
9660206,기름종이,기름종이,80
9660299,가연성고체류기타,가연고체기타,100
9680000,산화부식제,산화부식제,0
9680100,산화부식제류,산화부식제류,0
9680101,"염소산카리(1,16,21)",염소산카리,100
9680102,"염소산소다1,11,15,21",연소산소다,100
9680103,"염화린(2,5,15,21)",염화린,100
9680104,"과산화소다(6,12,21)",과산화소다,100
9680105,"초산암모늄(1,16,21)",초산암모늄,100
9680106,"과산화바륨(2,6,12,21",과산화바륨,100
9680107,"피크린산(1,16)",피크린산,100
9680108,"표백분(1,16,32)",표백분,100
9680199,산화부식제류기타,산화부식기타,100
9690000,독물,독물,0
9690100,방사능물질류,방사능물질류,0
9690101,제1종방사성물질,제1종방물,60
9690101,제1종방사성물질,제1종방물,80
9690102,제2종방사성물질,제2종방물,60
9690102,제2종방사성물질,제2종방물,80
9690199,방사성물질류기타,방사성물기타,60
9690199,방사성물질류기타,방사성물기타,80
9690200,휘산성독물류,휘산성독물류,0
9690201,파라치온원액,파라치온원액,70
9690201,파라치온원액,파라치온원액,80
9690202,농약,농약,70
9690202,농약,농약,80
9690299,휘산성독물류기타,휘산성물기타,70
9690299,휘산성독물류기타,휘산성물기타,80
1060128,철강용기,철강용기,80
1060107,스라브(Slab),스라브,80
1410118,철강컨테이너40'공,40철공,0
1410126,컨20석탄류,컨20석탄류,0
1410127,컨20철강품,컨20철강품,0
1410126,컨20석탄류,컨20석탄류,0
1410321,컨테이너20'위험물A,컨20위험물A,0
1410311,컨테이너40'위험물A,컨40위험물A,0
1410301,컨테이너45'위험물A,컨45위험물A,0
1410322,컨테이너20'위험물B,컨20위험물B,0
1410312,컨테이너40'위험물B,컨40위험물B,0
1410302,컨테이너45'위험물B,컨45위험물B,0
1410323,컨테이너20'위험물C,컨20위험물C,0
1410313,컨테이너40'위험물C,컨40위험물C,0
1410303,컨테이너45'위험물C,컨45위험물C,0
1410324,컨테이너20'위험물D,컨20위험물D,0
1410314,컨테이너40'위험물D,컨40위험물D,0
1410304,컨테이너45'위험물D,컨45위험물D,0
1410302,컨테이너45'위험물B,컨45위험물B,0
1410303,컨테이너45'위험물C,컨45위험물C,0
1410304,컨테이너45'위험물D,컨45위험물D,0
1410312,컨테이너40'위험물B,컨40위험물B,0
1410313,컨테이너40'위험물C,컨40위험물C,0
1410313,컨테이너40'위험물C,컨40위험물C,0
1410312,컨테이너40'위험물B,컨40위험물B,0
1410314,컨테이너40'위험물D,컨40위험물D,0
1410303,컨테이너45'위험물C,컨45위험물C,0
1410322,컨테이너20'위험물B,컨20위험물B,0
1410311,컨테이너40'위험물A,컨40위험물A,0
1410323,컨테이너20'위험물C,컨20위험물C,0
1410304,컨테이너45'위험물D,컨45위험물D,0
1410324,컨테이너20'위험물D,컨20위험물D,0
1410302,컨테이너45'위험물B,컨45위험물B,0
1410314,컨테이너40'위험물D,컨40위험물D,0
1410322,컨테이너20'위험물B,컨20위험물B,0
1410323,컨테이너20'위험물C,컨20위험물C,0
1410324,컨테이너20'위험물D,컨20위험물D,0
1410126,컨20석탄류,컨20석탄류,0
1080112,군경유(DF-1)_일반,군경유(DF-1)_일반,80
1410128,컨20크링카,컨20크링카,0
1410129,컨20 광재,컨20 광재,0
1410130,컨20 유연탄,컨20 유연탄,0
1410126,컨20석탄류,컨20석탄류,0
1410128,컨20크링카,컨20크링카,0
1410129,컨20 광재,컨20 광재,0
1410130,컨20 유연탄,컨20 유연탄,0
1410201,컨20기타중량품,컨20중량품,0
1410202,컨테이너 페로니켈,컨페로니켈,0
9610101,흑색화약,흑색화약,80
9610102,무연화약,무연화약,80
9610199,화약류기타,화약류기타,80
9610201,뇌홍,뇌홍,80
9610202,아지화연,아지화연,80
9610205,다이나마이트,다이나마이트,80
9610299,폭약류기타,폭약류기타,80
9610301,실포,실포,80
9610302,실탄,실탄,80
9610303,공포,공포,80
9610305,탄약,탄약,80
9610391,컨45군탄약영,컨45군탄영,0
9610392,컨40군탄약영,컨40군탄역,0
9610393,컨20군탄약영,컨20군탄영,0
9610399,화공품류기타,화공품류기타,80
9610203,초안폭약,초안폭약,80
1060106,선재(Wire Rod),선재,70
9080106,경유,경유,80
9080105,등유,등유,80
9080107,중유,중유,90
9080108,벙카C유,벙카C유,95
9080109,폐유,폐유,100
9080110,제트유(A1),A1제트유,80
9080111,윤활유,윤활유,80
9080112,제트유(JP-8),JP8제트유,80
9080199,유류기타,유류기타,80
9080100,유류,유류,0
1080900,시멘트류,시멘트류,0
1080901,포대시멘트,포대시멘트,80
1080902,벌크시멘트,벌크시멘트,100
9080113,군경유(DF-1) ,군경유(DF-1) ,80
9660101,"알코올(1,11,21)",알코올,100
1410401,컨테이너45'영 하이큐빅,컨45영HQ,0
1410402,컨테이너45'공 하이큐빅,컨45공HQ,0
1410411,컨테이너40'영 하이큐빅,컨40영HQ,0
1410412,컨테이너40'공 하이큐빅,컨40공HQ,0
1410421,컨테이너20'영 하이큐빅,컨20영HQ,0
1410422,컨테이너20'공 하이큐빅,컨20공HQ,0
1410301,컨테이너45'위험물A,컨45위험물A,0
1410302,컨테이너45'위험물B,컨45위험물B,0
1410303,컨테이너45'위험물C,컨45위험물C,0
1410304,컨테이너45'위험물D,컨45위험물D,0
1410311,컨테이너40'위험물A,컨40위험물A,0
1410312,컨테이너40'위험물B,컨40위험물B,0
1410313,컨테이너40'위험물C,컨40위험물C,0
1410314,컨테이너40'위험물D,컨40위험물D,0
1410321,컨테이너20'위험물A,컨20위험물A,0
1410322,컨테이너20'위험물B,컨20위험물B,0
1410323,컨테이너20'위험물C,컨20위험물C,0
1410324,컨테이너20'위험물D,컨20위험물D,0
1410221,컨20 발전탄,컨20 발전탄,0
1063304,장갑?기동장비류,장갑?기동장비류,80
1060409,보급차량?장비류,보급차량?장비류,80
1410221,컨20 발전탄,컨20 발전탄,0
9610309,탄약보급품류,탄약보급품류,80
9080197,유류보급품류,유류보급품류,80
1310109,일반보급품류,일반보급품류,80
1410901,컨45보급품영,컨45보급품영,0
1410902,컨40보급품영,컨40보급품영,0
1410903,컨20보급품영,컨20보급품영,0
1060401,승용차,승용차,80
1060401,승용차,승용차,80
1410231,컨테이너20’우드펠릿,컨20우드펠릿,0
1010102,국내무연탄,국내무연탄,96
1010104,경석,경석,96
1010199,석탄류기타,석탄류기타,96
1010301,철광석,철광석,96
1010399,금속광석류기타,금속광석기타,96
1010501,석회석 중괴,석회석 중괴,96
1010502,석회석 소괴,석회석 소괴,96
1010503,석회석분,석회석분,96
1010504,백운석 중괴,백운석 중괴,96
1010505,백운석 소괴,백운석 소괴,96
1010599,석회석류기타,석회석류기타,96
1063302,전차.탱크류,전차.탱크류,80
1063302,전차.탱크류,전차.탱크류,80
1410171,컨테이너20'탱크영,컨20탱크영,0
1410172,컨테이너20'탱크공,컨20탱크공,0
1410371,컨테이너20'탱크위험물A,컨20탱크위A,0
1410372,컨테이너20'탱크위험물B,컨20탱크위B,0
1410373,컨테이너20'탱크위험물C,컨20탱크위C,0
1410222,컨20광석류,컨20광석류,0
1410181,중량컨테이너 20',중량컨 20,0
1410325,중량컨테이너20'위험물A,중컨20위험물A,0
1410326,중량컨테이너20'위험물B,중컨20위험물B,0
1410327,중량컨테이너20'위험물C,중컨20위험물C,0
1410173,중량컨테이너20'탱크영,중량컨20'탱크영,0
1410232,중량컨테이너20'우드펠릿,중량컨20'우드펠릿,0
1410374,중량컨테이너20'탱크위험물A,중컨탱크위20'A,0
1410375,중량컨테이너20'탱크위험물B,중컨탱크위20'B,0
1410376,중량컨테이너20'탱크위험물C,중컨탱크위20'C,0
1410423,중량컨테이너20'영 하이큐빅,중량컨20'영HQ,0
1410301,컨테이너45'위험물A,컨45위험물A,0
1410302,컨테이너45'위험물B,컨45위험물B,0
1410311,컨테이너40'위험물A,컨40위험물A,0
1410312,컨테이너40'위험물B,컨40위험물B,0
1410321,컨테이너20'위험물A,컨20위험물A,0
1410322,컨테이너20'위험물B,컨20위험물B,0
1410325,중량컨테이너20'위험물A,중컨20위험물A,0
1410326,중량컨테이너20'위험물B,중컨20위험물B,0
1410371,컨테이너20'탱크위험물A,컨20탱크위A,0
1410372,컨테이너20'탱크위험물B,컨20탱크위B,0
1410374,중량컨테이너20'탱크위험물A,중컨탱크위20'A,0
1410375,중량컨테이너20'탱크위험물B,중컨탱크위20'B,0
9700000,컨테이너위험물,컨테이너위험물,0
9700100,컨테이너일반위험물류,컨일반위험물류,0
9700101,컨테이너45'위험물C,컨45위험물C,0
9700102,컨테이너45'영 하이큐빅위험물C,컨45영HQ위험물C,0
9700111,컨테이너40'위험물C,컨40위험물C,0
9700112,컨테이너40'영 하이큐빅위험물C,컨40영HQ위험물C,0
9700121,컨테이너20'위험물C,컨20위험물C,0
9700122,컨테이너20'탱크위험물C,컨20탱크위험물C,0
9700123,중량컨테이너20'위험물C,중컨20위험물C,0
9700124,중량컨테이너20'탱크위험물C,중컨20탱크위험물C,0
9700125,컨테이너20'영 하이큐빅위험물C,컨20영HQ위험물C,0
9700200,화약폭약화공품류,화약폭약화공품류,0
9700201,컨테이너45'화약류D,컨45화약류D,0
9700202,컨테이너45'폭약류D,컨45폭약류D,0
9700203,컨테이너45'화공품류D,컨45화공품류D,0
9700211,컨테이너40'화약류D,컨40화약류D,0
9700212,컨테이너40'폭약류D,컨40폭약류D,0
9700213,컨테이너40'화공품류D,컨40화공품류D,0
9700221,컨테이너20'화약류D,컨20화약류D,0
9700222,컨테이너20'폭약류D,컨20폭약류D,0
9700223,컨테이너20'화공품류D,컨20화공품류D,0
9700224,중량컨테이너20'화약류D,중컨20화약류D,0
9700225,중량컨테이너20'폭약류D,중컨20폭약류D,0
9700226,중량컨테이너20'화공품류D,중컨20화공품류D,0
